Tech Stack,Use Case,Results,Link
Python,AI Chatbot for Banking,Saved 200 support hours/month,https://atliq.com/bank-chatbot
React,Healthcare Appointment System,Increased bookings by 35%,https://atliq.com/health-app
React Native,Mobile Shopping App,1M downloads in 6 months,https://atliq.com/mobile-app
Python,Invoice Automation,Saved 40 hours/week,https://atliq.com/invoice
AWS,Cloud Migration,Reduced cost by 30%,https://atliq.com/cloud
Data Science,Sales Forecasting,Improved accuracy by 25%,https://atliq.com/forecast
Python,Django CRM,Built custom CRM,https://atliq.com/crm
Machine Learning,Fraud Detection,Detected 98% fraud,https://atliq.com/fraud
React,Dashboard Analytics,Improved decision speed,https://atliq.com/dashboard
Flutter,Cross platform mobile app,500K users,https://atliq.com/flutter
